{"machine": {
  "muxInputs": [
    {
      "input": [
        {
          "type": "constant",
          "value": "0"
        },
        {
          "type": "constant",
          "value": "1"
        },
        {
          "type": "register",
          "value": "ACCU"
        },
        {
          "type": "constant",
          "value": "4"
        },
        {
          "type": "constant",
          "value": "8"
        },
        {
          "type": "constant",
          "value": "255"
        },
        {
          "type": "constant",
          "value": "256"
        },
        {
          "type": "constant",
          "value": "2473"
        },
        {
          "type": "register",
          "value": "ACCU2"
        },
        {
          "type": "register",
          "value": "MDR"
        },
        {
          "type": "register",
          "value": "S[i]_Value"
        },
        {
          "type": "constant",
          "value": "16"
        },
        {
          "type": "constant",
          "value": "24"
        },
        {
          "type": "constant",
          "value": "63"
        },
        {
          "type": "constant",
          "value": "16776704"
        },
        {
          "type": "constant",
          "value": "2732"
        },
        {
          "type": "constant",
          "value": "64"
        }
      ],
      "muxType": "A"
    },
    {
      "input": [
        {
          "type": "register",
          "value": "MDR"
        },
        {
          "type": "register",
          "value": "PC"
        },
        {
          "type": "register",
          "value": "IR"
        },
        {
          "type": "register",
          "value": "ACCU"
        },
        {
          "type": "register",
          "value": "i_Value"
        },
        {
          "type": "register",
          "value": "j_Value"
        },
        {
          "type": "register",
          "value": "x_Value"
        },
        {
          "type": "register",
          "value": "Adresse_i"
        },
        {
          "type": "null",
          "value": ""
        },
        {
          "type": "null",
          "value": ""
        },
        {
          "type": "null",
          "value": ""
        },
        {
          "type": "register",
          "value": "S[i]_Value"
        },
        {
          "type": "register",
          "value": "S[j]_Value"
        },
        {
          "type": "register",
          "value": "ACCU2"
        },
        {
          "type": "register",
          "value": "k_value"
        }
      ],
      "muxType": "B"
    }
  ],
  "registers": {"register": [
    {
      "size": "BITS_32",
      "name": "i_Value",
      "description": "i Wert"
    },
    {
      "size": "BITS_32",
      "name": "j_Value",
      "description": "J Wert"
    },
    {
      "size": "BITS_32",
      "name": "x_Value",
      "description": "X Wert"
    },
    {
      "size": "BITS_32",
      "name": "Adresse_i",
      "description": ""
    },
    {
      "size": "BITS_32",
      "name": "S[i]_Value",
      "description": ""
    },
    {
      "size": "BITS_32",
      "name": "S[j]_Value",
      "description": ""
    },
    {
      "size": "BITS_32",
      "name": "ACCU2",
      "description": ""
    },
    {
      "size": "BITS_32",
      "name": "k_value",
      "description": ""
    }
  ]},
  "alu": {"operation": [
    "TRANS_A",
    "TRANS_B",
    "A_ADD_B",
    "B_SUB_A",
    "A_SUB_B",
    "B_SR_A",
    "B_SL_A",
    "A_SL_B",
    "A_OR_B",
    "A_XOR_B",
    "A_AND_B",
    "B_DIV_A",
    "B_MOD_A",
    "A_MUL_B",
    "B_INV",
    "B_ROTR_A",
    "B_ROTL_A"
  ]}
}}